title,company,location,how_old,link_job
Desenvolvedor(a) Back-end Ruby Pleno,Zygo,"Florianópolis, SC",Hoje,https://br.indeed.com/rc/clk?jk=f8af82df8be6f988&fccid=f0a50e88aa50fe22&vjs=3
Cloud Engineer Jr - São José dos Campos,Oportunidades Gobetti RH,"São José dos Campos, SP",há 6 dias,https://br.indeed.com/rc/clk?jk=ebd1d50d53bf3f2b&fccid=5aabc083e6b8a70a&vjs=3
Estágio em Website Operations,Quero Educação,"São José dos Campos, SP",há 27 dias,https://br.indeed.com/rc/clk?jk=ef059930978d2cfa&fccid=4c10b03c51662982&vjs=3
Programador Full Stack Ruby (Remoto) – Remotamente – RN - BV,Buscar Vagas,"Natal, RN",há 1 dia,https://br.indeed.com/rc/clk?jk=b9c501fddd15baef&fccid=cd25ed76f1946ad0&vjs=3
Desenvolvedor(a) Full Stack - Ruby Júnior,Zygo,"Florianópolis, SC",há 6 dias,https://br.indeed.com/rc/clk?jk=870bcedd31d371d0&fccid=f0a50e88aa50fe22&vjs=3
Pessoa Desenvolvedora de Software (Ruby),Liber Capital,"São Carlos, SP",Há mais de 30 dias,https://br.indeed.com/rc/clk?jk=8ce113064c0dc6cc&fccid=1a2fb53435c12483&vjs=3
Desenvolvedor Backend Ruby - Sênior/Especialista (Remoto),Blu,"Rio de Janeiro, RJ",há 4 dias,https://br.indeed.com/rc/clk?jk=6ae49c92c479f308&fccid=641ef99ce9e55e35&vjs=3
Desenvolvedor(a) Ruby Backend Pleno,BDR Talentos Corporativos,Remoto,Há mais de 30 dias,https://br.indeed.com/rc/clk?jk=88d2bf6f88b2ce5f&fccid=09380d595581f729&vjs=3
Desenvolvedor Full Stack Pleno - São José dos Campos,Oportunidades Gobetti RH,"São José dos Campos, SP",há 2 dias,https://br.indeed.com/rc/clk?jk=a6db2ce15eec7b93&fccid=5aabc083e6b8a70a&vjs=3
Desenvolvedor Backend - Ruby On Rails,Delivery Center,"São Paulo, SP",há 14 dias,https://br.indeed.com/rc/clk?jk=2a83e5444c983adc&fccid=042834906eac0956&vjs=3
Senior Ruby Developer,Madiff,"Liberdade, SP",há 18 dias,https://br.indeed.com/rc/clk?jk=fd41401735c6c6f4&fccid=701ab9c2481eb566&vjs=3
SysAdmin,Configr,"Brasília, DF",há 16 dias,https://br.indeed.com/rc/clk?jk=a0c28c5e94e720ab&fccid=34a836963c512eb5&vjs=3
Senior Ruby Developer,Dextra,"Campinas, SP",Há mais de 30 dias,https://br.indeed.com/rc/clk?jk=4f6f9e8c64f2cdc3&fccid=f11cf1a9f70181d8&vjs=3
Desenvolvedor (a) Sênior - Ruby on Rails,Tray,"Marília, SP",Há mais de 30 dias,https://br.indeed.com/rc/clk?jk=a5a8359fcc7f2759&fccid=dcaee2dd6fcf2084&vjs=3
"Java Developer - Remote, Full Time",FullStack Labs,"Curitiba, PR",Há mais de 30 dias,https://br.indeed.com/rc/clk?jk=fcceca09e71ea37c&fccid=9c6c0fa81112149a&vjs=3
Pessoa Engenheira de Dados (Ruby ou Java),RD Station,"Florianópolis, SC",há 11 dias,https://br.indeed.com/rc/clk?jk=7021c9b7e4c583c1&fccid=943c4ec34e54e91b&vjs=3
Full Stack Engineer,AlphaSights Ltd.,Remoto,Há mais de 30 dias,https://br.indeed.com/rc/clk?jk=885f34e4e53011c7&fccid=915837b22fb3a5f0&vjs=3
Senior DevOps - Malta or Remote,JobMatchingPartner,Mato Grosso,Há mais de 30 dias,https://br.indeed.com/rc/clk?jk=ec7c343ae32a8a8f&fccid=740427ab9cdfe104&vjs=3
Engenheiro de Software I,CERC,Remoto,há 3 dias,https://br.indeed.com/rc/clk?jk=726769ca61546d9f&fccid=916536e9ef6b0922&vjs=3
Ruby Senior Software Engineer,Daki,"São Paulo, SP",Há mais de 30 dias,https://br.indeed.com/rc/clk?jk=b751f1f984410a81&fccid=062d6ac21fb5fa3c&vjs=3
Team Leader QA,ViaVarejo,"São Caetano do Sul, SP",Há mais de 30 dias,https://br.indeed.com/rc/clk?jk=4f002150babba851&fccid=7d163c3b66f5e287&vjs=3
"Senior Software Developer, International",RD Station,"Florianópolis, SC",Há mais de 30 dias,https://br.indeed.com/rc/clk?jk=c068c6587e3792a5&fccid=943c4ec34e54e91b&vjs=3
QA,Zup Innovation,Remoto,há 3 dias,https://br.indeed.com/rc/clk?jk=ce0ceca0fc83f95c&fccid=286575ef2237b3c9&vjs=3
Ruby on Rails Developer,Pulsus,"Porto Alegre, RS",Há mais de 30 dias,https://br.indeed.com/rc/clk?jk=e5a4e7ba4794b585&fccid=4f6b2ba667bb2543&vjs=3
ANALISTA QA AUTOMAÇÃO,Grupo FCamara,"Butantã, SP",há 6 dias,https://br.indeed.com/rc/clk?jk=4790cd0d0f249dc2&fccid=c4937ec65ff6c5bd&vjs=3
Full-Stack Software Developer,HP,"Porto Alegre, RS",Há mais de 30 dias,https://br.indeed.com/rc/clk?jk=cde6b918d04249af&fccid=1b866506aec22461&vjs=3
Desenvolvedor de Web Full-Stack,MOV,"Balneário Camboriú, SC",há 3 dias,https://br.indeed.com/rc/clk?jk=894754fde9ebe5ae&fccid=4e9af8af7a1db50d&vjs=3
Desenvolvedor Ruby on Rails SR,Share RH,"Campinas, SP",Há mais de 30 dias,https://br.indeed.com/rc/clk?jk=1bf5290b4404d28a&fccid=a348a1a87f84f063&vjs=3
Ruby on Rails Developer,Sensor Tower,"Recife, PE",Há mais de 30 dias,https://br.indeed.com/rc/clk?jk=0d53c1bca204b010&fccid=c659788ec6cc356e&vjs=3
Desenvolvedor(a) Backend Ruby,Softo,Remoto,há 10 dias,https://br.indeed.com/rc/clk?jk=4404d855c6cde419&fccid=5c49365ee80d3fbb&vjs=3
Desenvolvedor Ruby,Globant,"São Paulo, SP",há 21 dias,https://br.indeed.com/rc/clk?jk=7fff9f9037d25b69&fccid=34ea81fd9e91a411&vjs=3
Desenvolvedor(a) Ruby on Rails para empresa de relatórios,sig9.dev,Remoto,há 7 dias,https://br.indeed.com/rc/clk?jk=23f206347494221f&fccid=108c33e61eeb95c1&vjs=3
Vendedor sênior,SourceLevel,Remoto,Há mais de 30 dias,https://br.indeed.com/rc/clk?jk=d9b36f74e1cb07ea&fccid=db73cdffc764793b&vjs=3
Desenvolvedor Backend Ruby,Grafeno,"São Paulo, SP",Há mais de 30 dias,https://br.indeed.com/rc/clk?jk=3a759febc4e84de3&fccid=b2df90628328d927&vjs=3
Pessoa Desenvolvedora Full-Stack Estágio - Remoto,V360,Remoto,Há mais de 30 dias,https://br.indeed.com/rc/clk?jk=54171e835875e654&fccid=415aeffc7267b54f&vjs=3
Ruby Senior Software Engineer,Daki Brasil,"São Paulo, SP",Há mais de 30 dias,https://br.indeed.com/rc/clk?jk=ad057343ad63889b&fccid=8a65fa7565b26785&vjs=3
Developer Support Engineer II,DocuSign,Estado de São Paulo,Recém publicada,https://br.indeed.com/rc/clk?jk=b3db2efe0aa8a89f&fccid=9dd30dd046d9ac7a&vjs=3
Back end Developer,Pontomais,"Curitiba, PR",Há mais de 30 dias,https://br.indeed.com/rc/clk?jk=d85043576c9c81e0&fccid=6ddd3a53821a1c4b&vjs=3
"QA (Quality Assurance) Automation Engineer - Remote, Full Time LATAM",FullStack Labs,"Rio de Janeiro, RJ",há 7 dias,https://br.indeed.com/rc/clk?jk=e18fd158bdc1e39b&fccid=9c6c0fa81112149a&vjs=3
Back-End Ruby (Pleno/Sênior),Petlove,"São Paulo, SP",há 17 dias,https://br.indeed.com/rc/clk?jk=5ee0b769a0427f54&fccid=44dbd76bfe3fe244&vjs=3
Desenvolvedor Ruby on Rails [Remoto],Ignição Digital,"Brasília, DF",há 12 dias,https://br.indeed.com/rc/clk?jk=23bd9bda8e4f71c2&fccid=332945364e68149c&vjs=3
Pessoa Engenheira de Software - Backend (Ruby ou Go/Golang),RD Station,"Florianópolis, SC",Há mais de 30 dias,https://br.indeed.com/rc/clk?jk=9acf4d88febb8ad7&fccid=943c4ec34e54e91b&vjs=3
"Full-Stack Developer, Vue.js, Ruby on Rails",sig9.dev,Remoto,há 7 dias,https://br.indeed.com/rc/clk?jk=b00f9c546acb824c&fccid=108c33e61eeb95c1&vjs=3
Programador Full Stack,MOV,"Itajaí, SC",Há mais de 30 dias,https://br.indeed.com/rc/clk?jk=61b14d13fbc527ec&fccid=4e9af8af7a1db50d&vjs=3
DESENVOLVEDOR SENIOR - RUBY,AlfaCon,"São Paulo, SP",há 4 dias,https://br.indeed.com/rc/clk?jk=cd2ef75ea4f16a6e&fccid=8fac37a97c557b05&vjs=3
Desenvolvedor(a) Ruby Senior,Pitzi,Remoto,há 19 dias,https://br.indeed.com/rc/clk?jk=8442b806535c2462&fccid=0a67eaadd70a70c0&vjs=3
estágio em desenvolvimento front-end,enjoei,"São Paulo, SP",Há mais de 30 dias,https://br.indeed.com/rc/clk?jk=5c6acaef4999e1e3&fccid=f308c360f3026acd&vjs=3
Desenvolvedor(a) Full Stack - Ruby Pleno,Zygo,"Florianópolis, SC",há 6 dias,https://br.indeed.com/rc/clk?jk=0352a51146a283ec&fccid=f0a50e88aa50fe22&vjs=3
Desenvolvedor Ruby,Tunts,"Curitiba, PR",há 20 dias,https://br.indeed.com/rc/clk?jk=ac8c1d6cb679dde1&fccid=ee113dacd12b208f&vjs=3
Desenvolvedor Ruby Sênior,Tunts,"Curitiba, PR",Há mais de 30 dias,https://br.indeed.com/rc/clk?jk=35753a442273a239&fccid=ee113dacd12b208f&vjs=3
Desenvolvedor(a) Ruby Pleno,Shipsmart,Remoto,há 12 dias,https://br.indeed.com/rc/clk?jk=9bb10df539c9984e&fccid=3e6e6860210d915a&vjs=3
desenvolvedor(a) back end,enjoei,"São Paulo, SP",há 14 dias,https://br.indeed.com/rc/clk?jk=48d84c3b3af91e58&fccid=f308c360f3026acd&vjs=3
Desenvolvedor(a) Ruby on Rails,Sólides,Remoto,há 6 dias,https://br.indeed.com/rc/clk?jk=c3a922682d3cab3d&fccid=149e3562f48c63f3&vjs=3
Full Stack Developer,Pontomais,"Curitiba, PR",Há mais de 30 dias,https://br.indeed.com/rc/clk?jk=afe7b880064e020d&fccid=6ddd3a53821a1c4b&vjs=3
"Sr. Software Architect, PC",Lenovo,"Indaiatuba, SP",Há mais de 30 dias,https://br.indeed.com/rc/clk?jk=405608ae387c609a&fccid=af103eaff391cdf0&vjs=3
Desenvolvedor(a) Pleno(a) - Full Stack Ruby,Nutrebem,Remoto,há 18 dias,https://br.indeed.com/rc/clk?jk=efc9cfcb2953bec4&fccid=ca39f8f3f29616c9&vjs=3
Analista de Qualidade de Software,Zappts,"São José dos Campos, SP",Há mais de 30 dias,https://br.indeed.com/rc/clk?jk=a4ae6824a2dd616c&fccid=918ea0a3456abc27&vjs=3
"Staff Software Engineer, Backend",Change.org,"Vitória, ES",há 28 dias,https://br.indeed.com/rc/clk?jk=2396f6144ecb0255&fccid=3433aab0a6573d98&vjs=3
Engenheiro de Sistemas Sênior (2),Acesso,"São Paulo, SP",Há mais de 30 dias,https://br.indeed.com/rc/clk?jk=282fc187eb1198c5&fccid=345c37a20c4ce3af&vjs=3
NEON - Analista de Infraestrutura II - NOC,Neon,"São Paulo, SP",há 18 dias,https://br.indeed.com/rc/clk?jk=0b489232ad38b3f7&fccid=70dcb313de6ce890&vjs=3
Desenvolvedor(a) Ruby on Rails Sênior,Agenda Edu,"Fortaleza, CE",Há mais de 30 dias,https://br.indeed.com/rc/clk?jk=fc689401949e5690&fccid=1a5d771b91151025&vjs=3
Data Scientist,Tempest,"Recife, PE",há 8 dias,https://br.indeed.com/rc/clk?jk=6487675e505fd3c2&fccid=5694053ccc30dc57&vjs=3
Cloud Engineer Pleno,Oportunidades Gobetti RH,"São José dos Campos, SP",há 6 dias,https://br.indeed.com/rc/clk?jk=985c35c7316a06a6&fccid=5aabc083e6b8a70a&vjs=3
Pessoa Engenheira de Software - Full Stack | Growth Engineering,RD Station,"Florianópolis, SC",há 10 dias,https://br.indeed.com/rc/clk?jk=44aa0b9e16bd011d&fccid=943c4ec34e54e91b&vjs=3
Pessoa Engenheira de Software - Frontend (React),RD Station,"Florianópolis, SC",Há mais de 30 dias,https://br.indeed.com/rc/clk?jk=7ddf7a917a5bc050&fccid=943c4ec34e54e91b&vjs=3
QA Sênior,Mazzatech,"Pinheiros, SP",Há mais de 30 dias,https://br.indeed.com/rc/clk?jk=ec2b9754400c1684&fccid=7d320c75db933aec&vjs=3
Software Engineer,cloudwalk,Remoto,Há mais de 30 dias,https://br.indeed.com/rc/clk?jk=a72cf93dd506855c&fccid=0c0a3ff12e062dc9&vjs=3
Analista de Dados bdd,GeekHunter,Brasil,Recém publicada,https://br.indeed.com/rc/clk?jk=462bb0f3d1d68e9c&fccid=9ba8dec3013c0c90&vjs=3
Desenvolvedor de Interface Sênior [REMOTO],Ignição Digital,"Brasília, DF",há 9 dias,https://br.indeed.com/rc/clk?jk=79d4e79b2c8ed594&fccid=332945364e68149c&vjs=3
Desenvolvedor Ruby,Mazzatech,"Rio de Janeiro, RJ",há 21 dias,https://br.indeed.com/rc/clk?jk=ad351a76a0609ae6&fccid=7d320c75db933aec&vjs=3
Desenvolvedor - Ruby on Rails,Tree Consultoria,"São Paulo, SP",Há mais de 30 dias,https://br.indeed.com/rc/clk?jk=f7d0a9df6da9434b&fccid=a0eae74c39235198&vjs=3
Desenvolvedor mobile React Native,Sparta Labs,"Blumenau, SC",Há mais de 30 dias,https://br.indeed.com/rc/clk?jk=e283a5f5c1505c2d&fccid=c8cabf0481c8572e&vjs=3
DevOps,Infobase,"São Paulo, SP",Há mais de 30 dias,https://br.indeed.com/rc/clk?jk=9a18651ef11dfa93&fccid=9e801c5575a74058&vjs=3
Associate Solutions Consultant,Zendesk,"São Paulo, SP",há 3 dias,https://br.indeed.com/rc/clk?jk=fc7b77e547d635f0&fccid=41e8f9abd9840a7a&vjs=3
Pessoa Coordenadora de Engenharia de Software,RD Station,"Florianópolis, SC",há 10 dias,https://br.indeed.com/rc/clk?jk=730f9255cf901461&fccid=943c4ec34e54e91b&vjs=3
COODENADOR DE SUPORTE BILINGUE,Mazzatech,"São Paulo, SP",Há mais de 30 dias,https://br.indeed.com/rc/clk?jk=0ad9ade0fa6aa875&fccid=7d320c75db933aec&vjs=3
Desenvolvedoxr Back-end Jr.,Noverde,"São Paulo, SP",há 14 dias,https://br.indeed.com/rc/clk?jk=fc8ca8b1aac25651&fccid=afd21eb3da49bc50&vjs=3
DESENVOLVEDOR PLENO - RUBY,AlfaCon,"São Paulo, SP",há 5 dias,https://br.indeed.com/rc/clk?jk=6e48bbfcaca2ccfc&fccid=8fac37a97c557b05&vjs=3
Software Engineer Sr.,Mazzatech,"São Paulo, SP",há 14 dias,https://br.indeed.com/rc/clk?jk=a900cc095458a627&fccid=7d320c75db933aec&vjs=3
Software Dev Engineer - AWS Learning Products,Amazon AWS Services Brazil Ltd,"São Paulo, SP",Recém publicada,https://br.indeed.com/rc/clk?jk=195a0b946d290752&fccid=fe2d21eef233e94a&vjs=3
Pessoa Desenvolvedora Back-End,mLabs,"São José dos Campos, SP",Há mais de 30 dias,https://br.indeed.com/rc/clk?jk=e10c605ca1f1c810&fccid=b8af0d9ef81d2a77&vjs=3
Pessoa Desenvolvedora Ruby on Rails (Back-End),James Delivery,"Curitiba, PR",Há mais de 30 dias,https://br.indeed.com/rc/clk?jk=3f89e2dcb77ff007&fccid=cc9c7ddb6dff1b54&vjs=3
[Digital] QA Tester,ília,"Brasília, DF",Há mais de 30 dias,https://br.indeed.com/rc/clk?jk=2a9b8293a747884d&fccid=b27d2e8ddef5c8b0&vjs=3
Dev Ruby on Rails Sênior,GINGA ONE,"Berrini, SP",há 19 dias,https://br.indeed.com/rc/clk?jk=93227eace453493d&fccid=75b797ec62f7afb6&vjs=3
[Culture] QA Tester,ília,"São Paulo, SP",Há mais de 30 dias,https://br.indeed.com/rc/clk?jk=10b342683ae409d3&fccid=b27d2e8ddef5c8b0&vjs=3
Software Engineer,Phone2Action,"Belo Horizonte, MG",há 26 dias,https://br.indeed.com/rc/clk?jk=5eea9c0627141fa3&fccid=d97427a85e0b81f9&vjs=3
Cloud Engineer Junior,Quero Educação,"São José dos Campos, SP",Há mais de 30 dias,https://br.indeed.com/rc/clk?jk=a1fa14bc7ac0557a&fccid=4c10b03c51662982&vjs=3
"(Senior) Software Engineer, Test",Sensor Tower,"Recife, PE",há 18 dias,https://br.indeed.com/rc/clk?jk=248719f1b04ae702&fccid=c659788ec6cc356e&vjs=3
Desenvolvedor(a) Web,Atende Simples,Brasil,Há mais de 30 dias,https://br.indeed.com/rc/clk?jk=1b4b1dac836b6550&fccid=5236b20a985484ba&vjs=3
Frontend Developer,Herospark,"Curitiba, PR",Há mais de 30 dias,https://br.indeed.com/rc/clk?jk=914a0a837a362623&fccid=246eab63600527dd&vjs=3
DevOps Engineer (Remote job),Klever,"São Paulo, SP",há 6 dias,https://br.indeed.com/rc/clk?jk=609488e1ab606fd7&fccid=40009d1c8f7fcf1e&vjs=3
Desenvolvedor Back-end Ruby on Rails,Tech.fit,"São Carlos, SP",Há mais de 30 dias,https://br.indeed.com/rc/clk?jk=93431eed67ff0842&fccid=de7fd39780287235&vjs=3
Desenvolvedor(a) Ruby on Rails Sênior,Cavylabs,Remoto,há 13 dias,https://br.indeed.com/rc/clk?jk=a7a16eef9bcbf9e6&fccid=df0d6ea83ed063b6&vjs=3
Front End Engineer,Sensor Tower,"Recife, PE",Há mais de 30 dias,https://br.indeed.com/rc/clk?jk=05439465da52185a&fccid=c659788ec6cc356e&vjs=3
Full Stack Developer,Ativy,"Campinas, SP",Há mais de 30 dias,https://br.indeed.com/rc/clk?jk=f1f46b0554260897&fccid=de6933a13f226b49&vjs=3
Software Development Engineer,Amzn Servicos de Varejo do Bra,"São Paulo, SP",há 4 dias,https://br.indeed.com/rc/clk?jk=73106290c4364903&fccid=fe2d21eef233e94a&vjs=3
Senior Linux Engineer,JobMatchingPartner,Mato Grosso,Há mais de 30 dias,https://br.indeed.com/rc/clk?jk=ddecdf0b4f55109e&fccid=740427ab9cdfe104&vjs=3
Desenvolvedor(a) Backend | Personalização,PicPay,"São Paulo, SP",Há mais de 30 dias,https://br.indeed.com/rc/clk?jk=8317327ac97c0fca&fccid=c031daea3b1126ba&vjs=3
Software Engineering Manager - Supporters,Change.org,"Vitória, ES",há 28 dias,https://br.indeed.com/rc/clk?jk=60e57133728b5091&fccid=3433aab0a6573d98&vjs=3
Desenvolvedor(a) Ruby Fullstack,Iniciativa Assessoria em Recursos Humanos,Brasil,há 20 dias,https://br.indeed.com/rc/clk?jk=1feb8f48f2d47e65&fccid=dc947c1a530a5619&vjs=3
Desenvolvedor(a) Backend | Personalização,PicPay,"São Paulo, SP",Há mais de 30 dias,https://br.indeed.com/rc/clk?jk=8317327ac97c0fca&fccid=c031daea3b1126ba&vjs=3
Analista de Web,#VEMPRAIT4US,"São Paulo, SP",Há mais de 30 dias,https://br.indeed.com/rc/clk?jk=5b38be49c4abedbd&fccid=90cc3df022a3bc97&vjs=3
Consultor de Tecnologia Junior,DXC Technology,Estado de São Paulo,há 4 dias,https://br.indeed.com/rc/clk?jk=b9c1484340f417da&fccid=feaabf8e6a699d3c&vjs=3
Desenvolvedor Web,Curriculum.com.br,"Porto Alegre, RS",há 11 dias,https://br.indeed.com/rc/clk?jk=65935bb8355406e1&fccid=22d7ce555383096d&vjs=3
Desenvolvedor Sênior - BV,Buscar Vagas,"Rio de Janeiro, RJ",há 1 dia,https://br.indeed.com/rc/clk?jk=c6fd193c755f6b49&fccid=cd25ed76f1946ad0&vjs=3
Desenvolvedor Fullstack,Herospark,"Curitiba, PR",Há mais de 30 dias,https://br.indeed.com/rc/clk?jk=abd8836849ff2270&fccid=246eab63600527dd&vjs=3
Programador Full Stack Ruby (Remoto) – Remotamente – CE,Divulga Vagas,"Fortaleza, CE",há 28 dias,https://br.indeed.com/rc/clk?jk=b948e0637914140b&fccid=1abbffd7f44ec1e9&vjs=3
Engenheiro de Segurança APPSEC,Iventis,"São Paulo, SP",há 26 dias,https://br.indeed.com/rc/clk?jk=1a082d85cc4d339e&fccid=bc900bcfa36becde&vjs=3
Desenvolvedor(a) Ruby Fullstack,Iniciativa Assessoria em Recursos Humanos,Brasil,há 20 dias,https://br.indeed.com/rc/clk?jk=1feb8f48f2d47e65&fccid=dc947c1a530a5619&vjs=3
Pessoa Desenvolvedora Back-End,PayGo Pagamentos,"São Paulo, SP",Há mais de 30 dias,https://br.indeed.com/rc/clk?jk=e90b85f5ec903a5e&fccid=86a771524ff50407&vjs=3
Gympass - Senior Backend Engineer,Page Outsourcing,"São Paulo, SP",Há mais de 30 dias,https://br.indeed.com/rc/clk?jk=3e4628db93dc28e7&fccid=fc1baebad91dc0fa&vjs=3
QA SALESFORCE PL,Grupo FCamara,"Vila Olímpia, SP",há 13 dias,https://br.indeed.com/rc/clk?jk=a6ba4c8661fb662b&fccid=c4937ec65ff6c5bd&vjs=3
Desenvolvedor Java/ Sênior – Porto Alegre – RS,Divulga Vagas,"Porto Alegre, RS",há 16 dias,https://br.indeed.com/rc/clk?jk=8ff0e9373d1b6101&fccid=1abbffd7f44ec1e9&vjs=3
Desenvolvedor(a) WEB RPA,Iniciativa Assessoria em Recursos Humanos,"Porto Alegre, RS",Há mais de 30 dias,https://br.indeed.com/rc/clk?jk=2df04dbadf267e4b&fccid=dc947c1a530a5619&vjs=3
Engº QA Mobile,Iventis,"São Paulo, SP",há 26 dias,https://br.indeed.com/rc/clk?jk=be4caaa1f38ba299&fccid=bc900bcfa36becde&vjs=3
Game Dev Engineer - AWS Learning Products,Amazon AWS Services Brazil Ltd,"São Paulo, SP",há 2 dias,https://br.indeed.com/rc/clk?jk=229029cd08b5db2b&fccid=fe2d21eef233e94a&vjs=3
SysOps,Techne,"Fortaleza, CE",há 18 dias,https://br.indeed.com/rc/clk?jk=8cfc5ff4da2b5d14&fccid=5311e3f53388507a&vjs=3
Liderança de Currículo - Desenvolvimento Web,Trybe,"São Paulo, SP",Há mais de 30 dias,https://br.indeed.com/rc/clk?jk=3735b7638161ad48&fccid=3d56ca24276df437&vjs=3
IT Senior Sales Manager,GrooveTech,"São Paulo, SP",há 11 dias,https://br.indeed.com/rc/clk?jk=4e99547e67a5a0ef&fccid=747901ab5fc5c5e4&vjs=3
Analista de Qualidade Pl/Sr.,Mazzatech,"Vila Olímpia, SP",Há mais de 30 dias,https://br.indeed.com/rc/clk?jk=4dacc785a91752bb&fccid=7d320c75db933aec&vjs=3
Engenheiro(a) DevOps (Remoto),Blu,"Rio de Janeiro, RJ",há 12 dias,https://br.indeed.com/rc/clk?jk=ad0e10dc48e25e27&fccid=641ef99ce9e55e35&vjs=3
Full Stack Engineer,Delivery Center,"São Paulo, SP",Há mais de 30 dias,https://br.indeed.com/rc/clk?jk=da237f7dfcd0dc29&fccid=042834906eac0956&vjs=3
Desenvolvedor Sênior de Software - Área de projetos e inovação,Investtools,"Rio de Janeiro, RJ",Há mais de 30 dias,https://br.indeed.com/rc/clk?jk=cc4cbbd4ad73b588&fccid=5dfcf7629b4f6742&vjs=3
Analista Desenvolvedor de Sistemas III (Elo-Java),Atos,"Londrina, PR",há 3 dias,https://br.indeed.com/rc/clk?jk=d0097bae899e91f4&fccid=ee6a99db163236c2&vjs=3
Líder em Engenharia de Software,Tempest,"Recife, PE",Há mais de 30 dias,https://br.indeed.com/rc/clk?jk=8bea40a73b74f5ab&fccid=5694053ccc30dc57&vjs=3
Analista Programador Front-End,Verx Consulting,"São Paulo, SP",Há mais de 30 dias,https://br.indeed.com/rc/clk?jk=2542ba0641c648dc&fccid=24d1ca9980501b61&vjs=3
Desenvolvedor(a) Web,Divulga Vagas,"Chapecó, SC",há 16 dias,https://br.indeed.com/rc/clk?jk=82babdf68f9400f3&fccid=1abbffd7f44ec1e9&vjs=3
Senior or Mid-Level Ruby on Rails Developer (International Project),Visionnaire,"Curitiba, PR",Há mais de 30 dias,https://br.indeed.com/rc/clk?jk=fb1f636c8ea51ee1&fccid=2aacee86c2027be3&vjs=3
Líder Técnico em Engenharia de Software,Tempest,"Recife, PE",Há mais de 30 dias,https://br.indeed.com/rc/clk?jk=40c2d8035c2301f0&fccid=5694053ccc30dc57&vjs=3
NEON - Desenvolvedor Service Now - Noc,Neon,"São Paulo, SP",há 9 dias,https://br.indeed.com/rc/clk?jk=494fdf23d4b12d51&fccid=70dcb313de6ce890&vjs=3
Site Reliability Engineer (Dog Hero),DogHero,"São Paulo, SP",há 17 dias,https://br.indeed.com/rc/clk?jk=46a67be1ef663099&fccid=c508568edc60defd&vjs=3
Tech Lead Ruby,Petlove,"São Paulo, SP",Há mais de 30 dias,https://br.indeed.com/rc/clk?jk=43c2a9375421aa45&fccid=44dbd76bfe3fe244&vjs=3
Senior Ruby on Rails Developer (stack moderno e tempo para aprender e aplicar melhores práticas),Flama,Remoto,há 14 dias,https://br.indeed.com/rc/clk?jk=1bd9a2b04821754c&fccid=2fc2238fefd36161&vjs=3
Arquiteto(a) Cloud / DevOps,Soft Expert,"Joinville, SC",Há mais de 30 dias,https://br.indeed.com/rc/clk?jk=2c1cdcb34e6638f1&fccid=aebca56a7896a4fc&vjs=3
Senior Cloud Engineer,WEX Inc.,Brasil,Hoje,https://br.indeed.com/rc/clk?jk=4a6c3537718c4509&fccid=c9538b927313f8e0&vjs=3
Production Engineer (DevOps),Creditas,"São Paulo, SP",há 3 dias,https://br.indeed.com/rc/clk?jk=db587fd40cead1f1&fccid=5938c0542db98e69&vjs=3
Desenvolvedor Back-end Jr.,Trampolin,"Rio de Janeiro, RJ",Há mais de 30 dias,https://br.indeed.com/rc/clk?jk=b2f20840eccfbf91&fccid=01233cf3d3bd3dde&vjs=3
Desenvolvedor Sênior - Projetos,Investtools,"Rio de Janeiro, RJ",há 12 dias,https://br.indeed.com/rc/clk?jk=4c98043ad82b90b8&fccid=5dfcf7629b4f6742&vjs=3
Programador Full Stack Ruby - PORTO ALEGRE - 1 VAGA,Não encontrada,"Porto Alegre, RS",Há mais de 30 dias,https://br.indeed.com/rc/clk?jk=2e6971715098233f&fccid=dd616958bd9ddc12&vjs=3
Full stack Developer,Pulsus,"Porto Alegre, RS",Há mais de 30 dias,https://br.indeed.com/rc/clk?jk=c20dec33922c5adc&fccid=4f6b2ba667bb2543&vjs=3
Desenvolvedor Full Stack,Meubank,"São Paulo, SP",Há mais de 30 dias,https://br.indeed.com/rc/clk?jk=09247ccf20ffc966&fccid=0d0d7b1f413df81b&vjs=3
Desenvolvedor full-stack Ruby,Moltrio,"São Paulo, SP",Há mais de 30 dias,https://br.indeed.com/rc/clk?jk=3d724a8b3b463448&fccid=79a60370339d7a07&vjs=3
Analista de Segurança da Informação III (Pentest),Tempest,Brasil,há 12 dias,https://br.indeed.com/rc/clk?jk=d7cbf8e59976528a&fccid=5694053ccc30dc57&vjs=3
Desenvolvedor,Curriculum.com.br,"Curitiba, PR",há 5 dias,https://br.indeed.com/rc/clk?jk=925fc2bd57ee63b3&fccid=22d7ce555383096d&vjs=3
Software Engineering Manager / Tech Lead,SourceLevel,Remoto,Há mais de 30 dias,https://br.indeed.com/rc/clk?jk=1db1d44ed124a04c&fccid=db73cdffc764793b&vjs=3
Quality Analyst (automated tests),ilegra Jobs,"Porto Alegre, RS",Há mais de 30 dias,https://br.indeed.com/rc/clk?jk=054449d250c88642&fccid=f82d7d35af886d46&vjs=3
Tech Lead,Responde Ai,"Rio de Janeiro, RJ",há 9 dias,https://br.indeed.com/rc/clk?jk=fd76f75235e1bb3d&fccid=606f27afd5a3ceb0&vjs=3
Desenvolvedor(a) Back-end Ruby (remoto),GeekHunter,Brasil,há 5 dias,https://br.indeed.com/rc/clk?jk=ab5b5f9b1f7b2b0a&fccid=9ba8dec3013c0c90&vjs=3
Analista de Segurança da Informação,NEUROTECH,"Recife, PE",há 7 dias,https://br.indeed.com/rc/clk?jk=dd6faa76ff26c523&fccid=f331432af895fe1f&vjs=3
Desenvolvedor(a) Full Stack,Quero Educação,"São José dos Campos, SP",Há mais de 30 dias,https://br.indeed.com/rc/clk?jk=e6ed8b1ecebb322c&fccid=4c10b03c51662982&vjs=3
QA Automação Sênior (Ruby),Divulga Vagas,"São Paulo, SP",há 16 dias,https://br.indeed.com/rc/clk?jk=f8737f7030b44205&fccid=1abbffd7f44ec1e9&vjs=3
Sr Back-End Engineer,DogHero,"São Paulo, SP",Há mais de 30 dias,https://br.indeed.com/rc/clk?jk=0b48d50409027608&fccid=c508568edc60defd&vjs=3
QA Automation Tester,inGaia,"Campinas, SP",Há mais de 30 dias,https://br.indeed.com/rc/clk?jk=fba4f2aa577c068a&fccid=a11aa6f8ba4f7cd8&vjs=3
Desenvolvedor Back-End Sênior,Hi Platform,"São Paulo, SP",Há mais de 30 dias,https://br.indeed.com/rc/clk?jk=2a34e4b67adf1e71&fccid=88f95a1d9f166f6e&vjs=3
Desenvolvedor(a) Mobile sênior (remoto),GeekHunter,"Curitiba, PR",Há mais de 30 dias,https://br.indeed.com/rc/clk?jk=a0cc944885b03cbd&fccid=9ba8dec3013c0c90&vjs=3
Desenvolvedor(a) Full-stack Ruby Sênior (Remoto),GeekHunter,Brasil,há 13 dias,https://br.indeed.com/rc/clk?jk=990cd1822bd35a77&fccid=9ba8dec3013c0c90&vjs=3
Analista de Teste de Software Sênior (QA),Dock - Banking as a Service,"Barueri, SP",Há mais de 30 dias,https://br.indeed.com/rc/clk?jk=da002073ad8c5deb&fccid=ab977253e7ff24c0&vjs=3
Desenvolvedor Ruby Senior,Verx Consulting,"São Paulo, SP",Há mais de 30 dias,https://br.indeed.com/rc/clk?jk=61b5f2f50925679b&fccid=24d1ca9980501b61&vjs=3
SUPORTE TÉCNICO/ADMINISTRATIVO - PORTO ALEGRE,OEmprego,"Porto Alegre, RS",Há mais de 30 dias,https://br.indeed.com/rc/clk?jk=bb8437392505abbb&fccid=919b31f0a22ef58e&vjs=3
Desenvolvedor Ruby on Rails (Pleno/Senior),Herospark,"Curitiba, PR",Há mais de 30 dias,https://br.indeed.com/rc/clk?jk=3173c193a80673f8&fccid=246eab63600527dd&vjs=3
Site Reliability Engineer - SRE,ROCKCONTENT,Remoto,há 26 dias,https://br.indeed.com/rc/clk?jk=92550186ab3f1092&fccid=49d017a663d6f0f1&vjs=3
DESENVOLVEDOR RUBY ON RAILS - BV,Buscar Vagas,"Brasília, DF",há 17 dias,https://br.indeed.com/rc/clk?jk=068afdd39263b17e&fccid=cd25ed76f1946ad0&vjs=3
Analista de Testes,Mazzatech,Remoto,Há mais de 30 dias,https://br.indeed.com/rc/clk?jk=8df2cd88a75e18af&fccid=7d320c75db933aec&vjs=3
Desenvolvedor Back-end,Ewave do Brasil,"Curitiba, PR",Há mais de 30 dias,https://br.indeed.com/rc/clk?jk=fc560e355211e448&fccid=3e70db4eb9a109af&vjs=3
engenheiro(a) DevOps,enjoei,"São Paulo, SP",Há mais de 30 dias,https://br.indeed.com/rc/clk?jk=a00b981a2b2a71f6&fccid=f308c360f3026acd&vjs=3
Analista de QA Jr.,Hi Platform,"São Paulo, SP",Há mais de 30 dias,https://br.indeed.com/rc/clk?jk=ad66acb64156ff5f&fccid=88f95a1d9f166f6e&vjs=3
Full Stack Engineer,AlphaSights,"São Paulo, SP",Há mais de 30 dias,https://br.indeed.com/rc/clk?jk=e6bb8c4ee90daa22&fccid=915837b22fb3a5f0&vjs=3
Engenheiro de Software Backend,Bem Fácil Contrate,Remoto,há 7 dias,https://br.indeed.com/rc/clk?jk=6ae6156e991f1f66&fccid=6c5ae06c82b00e36&vjs=3
Desenvolvedor(a) Back-end Ruby on Rails,GeekHunter,"São Paulo, SP",há 12 dias,https://br.indeed.com/rc/clk?jk=4776fea6d3f5b411&fccid=9ba8dec3013c0c90&vjs=3
Dev Back-end JR,B2W Digital,"Recife, PE",Há mais de 30 dias,https://br.indeed.com/rc/clk?jk=3a85afc945e4babf&fccid=9a54cd3cc68df0fc&vjs=3
Analista de Currículo - Desenvolvimento Web,Trybe,"São Paulo, SP",Há mais de 30 dias,https://br.indeed.com/rc/clk?jk=137ff1ce3f42de96&fccid=3d56ca24276df437&vjs=3
Tech Lead Ruby,Divulga Vagas,"São Paulo, SP",há 17 dias,https://br.indeed.com/rc/clk?jk=0febdd75285a9f81&fccid=1abbffd7f44ec1e9&vjs=3
Pessoa Engenheira de Software - SRE/DevOps (Kubernetes),RD Station,"Florianópolis, SC",Há mais de 30 dias,https://br.indeed.com/rc/clk?jk=222f2a4745e3cf1b&fccid=943c4ec34e54e91b&vjs=3
Gerente de Desenvolvimento - TI,Arca Soltec,"Curitiba, PR",Há mais de 30 dias,https://br.indeed.com/rc/clk?jk=72572bbbb1c37751&fccid=88bfc32b1fedd415&vjs=3
Systems Support Engineer - DevOps,WSO2,"Colombo, PR",Há mais de 30 dias,https://br.indeed.com/rc/clk?jk=7fa4531079054c4b&fccid=7793a163fc55bc56&vjs=3
Engenheiro de QA -Testes de Software (Remoto),Blu,"Rio de Janeiro, RJ",Há mais de 30 dias,https://br.indeed.com/rc/clk?jk=e23a64ec94d43ad7&fccid=641ef99ce9e55e35&vjs=3
Senior Ruby on Rails Full-stack Developer,MarsBased,Exterior,há 5 dias,https://br.indeed.com/rc/clk?jk=737e8ff72d8c4265&fccid=0b88d9235bb52b19&vjs=3
Pessoa Desenvolvedora FullStack PJ - Remoto,Ateliê de Software,Remoto,há 5 dias,https://br.indeed.com/rc/clk?jk=d1e1e9514bc45e9b&fccid=bf27724e1e54708d&vjs=3
Ruby on Rails Developer (Ruby/JS),Runrun.it,"São Paulo, SP",há 18 dias,https://br.indeed.com/rc/clk?jk=786e81a444b11116&fccid=f46e088b2151af05&vjs=3
Estagiário de TI,Não encontrada,"Natal, RN",Há mais de 30 dias,https://br.indeed.com/rc/clk?jk=ac059b967b8a137e&fccid=dd616958bd9ddc12&vjs=3
Desenvolvedor(a) de Sistemas Web,Lepidus Tecnologia,"Manaus, AM",Há mais de 30 dias,https://br.indeed.com/rc/clk?jk=6a91b6dcdf1f53d8&fccid=adb41b3fcdd5f5e9&vjs=3
Pessoa Instrutora de Tecnologia,Trybe,"São Paulo, SP",Há mais de 30 dias,https://br.indeed.com/rc/clk?jk=e7ffd6813287a6da&fccid=3d56ca24276df437&vjs=3
DEVOPS,AlfaCon,"São Paulo, SP",há 4 dias,https://br.indeed.com/rc/clk?jk=343bd4af368dd9b5&fccid=8fac37a97c557b05&vjs=3
Desenvolvedor Rails (Remoto),Improving,"São Paulo, SP",Há mais de 30 dias,https://br.indeed.com/rc/clk?jk=711ce96f451555ff&fccid=1bb41786b78948a4&vjs=3
Software Developer,Trybe,"São Paulo, SP",Há mais de 30 dias,https://br.indeed.com/rc/clk?jk=5c20719e1a73d4f1&fccid=3d56ca24276df437&vjs=3
Desenvolvedor Front-End,Arca Soltec,"Curitiba, PR",Há mais de 30 dias,https://br.indeed.com/rc/clk?jk=4a753cd206484e90&fccid=88bfc32b1fedd415&vjs=3
DESENVOLVEDOR BACKEND RUBY ON RAILS PLENO OU SÊNIO,Cosmos,"São José dos Campos, SP",Há mais de 30 dias,https://br.indeed.com/rc/clk?jk=ac9d5916de5a61f9&fccid=d39772784504bf96&vjs=3
Tech Lead (Ruby On Rails),Divulga Vagas,"São Paulo, SP",há 16 dias,https://br.indeed.com/rc/clk?jk=cd871351f386f619&fccid=1abbffd7f44ec1e9&vjs=3
Pessoa Desenvolvedora Backend,CashMe,"São Paulo, SP",há 20 dias,https://br.indeed.com/rc/clk?jk=9c3872fb566b076e&fccid=f5dbedd077ca223d&vjs=3
Gerente Cyber Segurança - Red Team,EY,"Rio de Janeiro, RJ",Há mais de 30 dias,https://br.indeed.com/rc/clk?jk=ad7aa986942c620f&fccid=1544766d4c2915b0&vjs=3
Desenvolvedor,Divulga Vagas,"São Paulo, SP",há 11 dias,https://br.indeed.com/rc/clk?jk=a51573832df35d1c&fccid=1abbffd7f44ec1e9&vjs=3
Analista de Testes de Software (Pl/Sr),Assertiva - Tecnologia e Inteligência de Dados,"Campinas, SP",há 10 dias,https://br.indeed.com/rc/clk?jk=bc0723d34ba5077f&fccid=f334877777418619&vjs=3
Analista Devops Sênior,CMCorp Soluções em Informática,"Rio de Janeiro, RJ",Há mais de 30 dias,https://br.indeed.com/rc/clk?jk=704e01b419ab5c35&fccid=4f06763c6d2160cf&vjs=3
Research Software Engineer,Senior Sistemas,"Blumenau, SC",Há mais de 30 dias,https://br.indeed.com/rc/clk?jk=cf1c22d27abe8c08&fccid=e1dc47ab7b04aa94&vjs=3
Desenvolvedor mobile nativo iOS/Android,Sparta Labs,"Blumenau, SC",Há mais de 30 dias,https://br.indeed.com/rc/clk?jk=6d77919b5f9911ba&fccid=c8cabf0481c8572e&vjs=3
Desenvolvedor(a) Ruby Back-end,GeekHunter,"São Paulo, SP",Há mais de 30 dias,https://br.indeed.com/rc/clk?jk=47a2ec0b1196c8fb&fccid=9ba8dec3013c0c90&vjs=3
[RJ] Automatizador de Testes (RUBY),RADIX Engenharia e Software,"Rio de Janeiro, RJ",Há mais de 30 dias,https://br.indeed.com/rc/clk?jk=7fcd613296d6254b&fccid=833e800ebc6f3f29&vjs=3
Site Reliability Engineer (SRE) | Full Time,Comunidade Cognitivo.ai,"São Paulo, SP",Há mais de 30 dias,https://br.indeed.com/rc/clk?jk=9fa1d65cabc8218a&fccid=3869f0773bcb2bd3&vjs=3
Especialista de Tecnologia,Dentsu Aegis Network,"Visconde do Rio Branco, MG",Há mais de 30 dias,https://br.indeed.com/rc/clk?jk=d1e0c4d5392e9702&fccid=9834e576343ebcc2&vjs=3
Desenvolvedor (a) Back-End SR,Contraktor,"Curitiba, PR",há 9 dias,https://br.indeed.com/rc/clk?jk=dc35b6c238873d6b&fccid=69849f81900570c4&vjs=3
Desenvolvedor mobile nativo iOS/Android,Sparta Labs,"Blumenau, SC",Há mais de 30 dias,https://br.indeed.com/rc/clk?jk=6d77919b5f9911ba&fccid=c8cabf0481c8572e&vjs=3
Engenheiro de Software Senior,Tempest,Pernambuco,Há mais de 30 dias,https://br.indeed.com/rc/clk?jk=c64671806ed4a4a1&fccid=5694053ccc30dc57&vjs=3
Desenvolvedor(a) Ruby Back-end,GeekHunter,"São Paulo, SP",Há mais de 30 dias,https://br.indeed.com/rc/clk?jk=47a2ec0b1196c8fb&fccid=9ba8dec3013c0c90&vjs=3
Gerente Cyber Segurança - Red Team,EY,"Rio de Janeiro, RJ",Há mais de 30 dias,https://br.indeed.com/rc/clk?jk=ad7aa986942c620f&fccid=1544766d4c2915b0&vjs=3
Analista Devops Sênior,CMCorp Soluções em Informática,"Rio de Janeiro, RJ",Há mais de 30 dias,https://br.indeed.com/rc/clk?jk=704e01b419ab5c35&fccid=4f06763c6d2160cf&vjs=3
Desenvolvedor Front-End,Arca Soltec,"Curitiba, PR",Há mais de 30 dias,https://br.indeed.com/rc/clk?jk=4a753cd206484e90&fccid=88bfc32b1fedd415&vjs=3
DESENVOLVEDOR BACKEND RUBY ON RAILS PLENO OU SÊNIO,Cosmos,"São José dos Campos, SP",Há mais de 30 dias,https://br.indeed.com/rc/clk?jk=ac9d5916de5a61f9&fccid=d39772784504bf96&vjs=3
Desenvolvedor Full Stack,Curriculum.com.br,"Curitiba, PR",há 5 dias,https://br.indeed.com/rc/clk?jk=904a1e4c4d28ef98&fccid=22d7ce555383096d&vjs=3
Desenvolvedor FullStack,Incentiv.me,"Florianópolis, SC",há 10 dias,https://br.indeed.com/rc/clk?jk=68ffc13f47ff095a&fccid=08d504132b854d40&vjs=3
Desenvolvedor (a) Back-End SR,Contraktor,"Curitiba, PR",há 9 dias,https://br.indeed.com/rc/clk?jk=dc35b6c238873d6b&fccid=69849f81900570c4&vjs=3
Senior or Mid-level Front-end Developer (International Project),Visionnaire,"Curitiba, PR",Há mais de 30 dias,https://br.indeed.com/rc/clk?jk=a32511214e40a368&fccid=2aacee86c2027be3&vjs=3
Desenvolvedor(a) FullStack (Mobile/.NET)/SR,Zallpy Digital,"Florianópolis, SC",Há mais de 30 dias,https://br.indeed.com/rc/clk?jk=ceb641f243d74e93&fccid=2ac78f54db705d75&vjs=3
Desenvolvedor Backend Pleno- Node.js | Django (Remoto),Blu,"Rio de Janeiro, RJ",há 11 dias,https://br.indeed.com/rc/clk?jk=e7f1f388204d8aba&fccid=641ef99ce9e55e35&vjs=3
Analista de Automação de Testes Sênior,Prime Control,"São Paulo, SP",Recém publicada,https://br.indeed.com/rc/clk?jk=eafa61df1510aa05&fccid=26dabeb3b5e63829&vjs=3
Automatizador/QA Pleno Mobile,Infobase,"São Paulo, SP",Há mais de 30 dias,https://br.indeed.com/rc/clk?jk=c85a8d9965734105&fccid=9e801c5575a74058&vjs=3
Desenvolvedor Backend Sênior,QC Vagas,"Rio de Janeiro, RJ",há 4 dias,https://br.indeed.com/rc/clk?jk=d1290ece73a032c0&fccid=dd616958bd9ddc12&vjs=3
QA - Automação de Testes,Compasso UOL,Brasil,há 12 dias,https://br.indeed.com/rc/clk?jk=440b58188d85460e&fccid=6621f80bf2653f52&vjs=3
Sr. Software Development Engineer in Test,Avalara,"São Paulo, SP",há 10 dias,https://br.indeed.com/rc/clk?jk=5bf69e653529b6e6&fccid=ec30d82962c8b13b&vjs=3
Web Developer,Euax Consultoria em Projetos e Processos Ltda,"Joinville, SC",Há mais de 30 dias,https://br.indeed.com/rc/clk?jk=91696590d676bf8b&fccid=2602634fcf706fa5&vjs=3
Analista de Infraestrutura,Muxi,"Rio de Janeiro, RJ",Há mais de 30 dias,https://br.indeed.com/rc/clk?jk=d61a38c7e3a825fb&fccid=cec40cea54b8070e&vjs=3
Desenvolvedor Back End,Pinho Gestão Logística Internacional,"Curitiba, PR",há 25 dias,https://br.indeed.com/rc/clk?jk=3dd52626acff6ff3&fccid=7faf692430a52f6b&vjs=3
Desenvolvedor Ruby On Rails Sr - BV,Buscar Vagas,"São Paulo, SP",há 18 dias,https://br.indeed.com/rc/clk?jk=1e018c139cfd905f&fccid=cd25ed76f1946ad0&vjs=3
Gympass - Senior Frontend Engineer,Page Outsourcing,Brasil,Há mais de 30 dias,https://br.indeed.com/rc/clk?jk=7f8de6c333e5880c&fccid=fc1baebad91dc0fa&vjs=3
Desenvolvedor Back End,Arca Soltec,"Curitiba, PR",Há mais de 30 dias,https://br.indeed.com/rc/clk?jk=e487ac851d75010c&fccid=88bfc32b1fedd415&vjs=3
Tech Lead Front-End,Grafeno,"São Paulo, SP",Há mais de 30 dias,https://br.indeed.com/rc/clk?jk=4947817b5e9cc6cf&fccid=b2df90628328d927&vjs=3
[Culture] QA Lead,ília,"São Paulo, SP",Há mais de 30 dias,https://br.indeed.com/rc/clk?jk=d0bccc8493e044c6&fccid=b27d2e8ddef5c8b0&vjs=3
iOS Developer,Quicko,"São Paulo, SP",há 18 dias,https://br.indeed.com/rc/clk?jk=97b6a0ebcb77d6b5&fccid=c0ce4dbd4856db2c&vjs=3
Líder em Engenharia de Software (SRE / DevOps),Tempest,"Recife, PE",Há mais de 30 dias,https://br.indeed.com/rc/clk?jk=cc3c4b886e9cd553&fccid=5694053ccc30dc57&vjs=3
PS - Analista de Infraestrutura Pleno,Verx Consulting,"São Paulo, SP",Há mais de 30 dias,https://br.indeed.com/rc/clk?jk=1ec4b277e04eaff3&fccid=24d1ca9980501b61&vjs=3
Senior or Mid-level Back-end Developer (International Project),Visionnaire,"Curitiba, PR",Há mais de 30 dias,https://br.indeed.com/rc/clk?jk=503012dfd75b371c&fccid=2aacee86c2027be3&vjs=3
QA Automação,Verx Consulting,"Barueri, SP",Há mais de 30 dias,https://br.indeed.com/rc/clk?jk=b0e82440b820e020&fccid=24d1ca9980501b61&vjs=3
Analista Full-Stack Sênior (NODE),Verx Consulting,"São Paulo, SP",Há mais de 30 dias,https://br.indeed.com/rc/clk?jk=5bf44bc793ec8108&fccid=24d1ca9980501b61&vjs=3
Gympass - Tech Lead,Page Outsourcing,"São Paulo, SP",Há mais de 30 dias,https://br.indeed.com/rc/clk?jk=362bc34aec8ac07d&fccid=fc1baebad91dc0fa&vjs=3
Tech Leader,Carguero,"São Paulo, SP",Há mais de 30 dias,https://br.indeed.com/rc/clk?jk=f36754053a3a978a&fccid=cb03247077c492f7&vjs=3
Coordenador de Desenvolvimento de Sistemas,Euax Consultoria em Projetos e Processos Ltda,"Joinville, SC",há 9 dias,https://br.indeed.com/rc/clk?jk=ae0dc9ce620b3598&fccid=2602634fcf706fa5&vjs=3
Tech Lead - Fortaleza,Lenovo,"Fortaleza, CE",Há mais de 30 dias,https://br.indeed.com/rc/clk?jk=906fdd55a9abec02&fccid=af103eaff391cdf0&vjs=3
ANALISTA DE IMPLEMENTAÇÕES E SOLUÇÕES,Connectcom,"Rio de Janeiro, RJ",há 6 dias,https://br.indeed.com/rc/clk?jk=03e4998897c4394f&fccid=336534eeea091ba0&vjs=3
Engenheiro de Software Sênior,SuperSim,"São Paulo, SP",há 13 dias,https://br.indeed.com/rc/clk?jk=c90b07721405e5fc&fccid=61e49236fd01be3a&vjs=3
Senior Java Developer,Sovos Compliance,"São Paulo, SP",Há mais de 30 dias,https://br.indeed.com/rc/clk?jk=b4bc69f885b400d7&fccid=9bfefbc2c3bb984d&vjs=3
DevOps Engineer,amdocs,"São Carlos, SP",Há mais de 30 dias,https://br.indeed.com/rc/clk?jk=f8c2b62a281f127d&fccid=3b6bf500a6749588&vjs=3
Senior Software Developer,M4U,"Rio de Janeiro, RJ",Há mais de 30 dias,https://br.indeed.com/rc/clk?jk=e7373e8e1360b14d&fccid=5ff93bffc905e02d&vjs=3
Desenvolvedor(a) Pleno,Beep Saúde,"Rio de Janeiro, RJ",Há mais de 30 dias,https://br.indeed.com/rc/clk?jk=a96520a94ef80eb4&fccid=5f1a5dcf8d0dd3b8&vjs=3
Analista de Dados - Marketing B2C,FreteBras,"São Paulo, SP",há 12 dias,https://br.indeed.com/rc/clk?jk=1eccffb078811c2b&fccid=52ce3d0deb78eae4&vjs=3
Arquiteto de Soluções,Prime Control,"São Paulo, SP",Há mais de 30 dias,https://br.indeed.com/rc/clk?jk=35ac8fce9d3e3e2f&fccid=26dabeb3b5e63829&vjs=3
Specialist Solution Architect,Red Hat Software,"Brasília, DF",há 28 dias,https://br.indeed.com/rc/clk?jk=532872fb3b8f4a03&fccid=e24a60f01d1882d1&vjs=3
Analista de Automação de Testes,Prime Control,"São Paulo, SP",Há mais de 30 dias,https://br.indeed.com/rc/clk?jk=7e58225e90671b35&fccid=26dabeb3b5e63829&vjs=3
Technology Consultant,DXC Technology,Estado de São Paulo,há 18 dias,https://br.indeed.com/rc/clk?jk=79e64fb1a4a012b4&fccid=feaabf8e6a699d3c&vjs=3
QA Senior,GFT Technologies,Estado de São Paulo,há 18 dias,https://br.indeed.com/rc/clk?jk=8c32c6a722bfc837&fccid=8ab7cdd8a4b10bfc&vjs=3
Analista de Testes Auto Senior,Mutant,"São Paulo, SP",Há mais de 30 dias,https://br.indeed.com/rc/clk?jk=f60d4a964a1e02e5&fccid=22c551d6141563cd&vjs=3
Desenvolvedor Node.js - Remoto,Dialog,Remoto,Há mais de 30 dias,https://br.indeed.com/rc/clk?jk=dea21dbad46b3598&fccid=e0b68dd1a834ccf1&vjs=3
